DROP TABLE [IF EXISTS] emp;
CREATE TABLE EMP(EMP_CODE char(5) PRIMARY KEY,
    EMP_NAME char(20),
    DEPT_CODE char(5),
    DESIG_CODE char(5),
    SEX char(1),
    ADDRESS char(25),
    CITY char(20),
    STATE char(20),
    PIN char(6),
    BASIC int,
    JN_DT date);
CREATE TABLE DESIGNATION(DESIG_CODE char(5) PRIMARY KEY,
    DESIG_DESC char(20));
CREATE TABLE DEPARTMENT(DEPT_CODE char(5) PRIMARY KEY,
    DEPT_NAME char(15));


SELECT * FROM EMP;
SELECT * FROM DESIGNATION;
SELECT * FROM DEPARTMENT;

INSERT INTO DESIGNATION VALUES('MANAG','MANAGER');
INSERT INTO DESIGNATION VALUES('EXECU','EXECUTIVE');
INSERT INTO DESIGNATION VALUES('OFFIC','OFFICER');
INSERT INTO DESIGNATION VALUES('CLERK','CLERK');
INSERT INTO DESIGNATION VALUES('HELPE','HELPER');

INSERT INTO DEPARTMENT VALUES('PERSO','PERSONNEL');
INSERT INTO DEPARTMENT VALUES('PRODU','PRODUCTION');
INSERT INTO DEPARTMENT VALUES('PURCH','PURCHASE');
INSERT INTO DEPARTMENT VALUES('FINAN','FINANCE');
INSERT INTO DEPARTMENT VALUES('RESEA','RESEARCH');

INSERT INTO EMP VALUES('EMP01','debarghya','FINAN','EXECU','M','sodpur','kolkata','WEST BENGAL','700110',5000, '1999-01-08');
INSERT INTO EMP(EMP_CODE,EMP_NAME,DESIG_CODE, SEX, ADDRESS, CITY,STATE,PIN,JN_DT) 
    VALUES('EMP02','debarghya2','EXECU','M','sodpur','kolkata','WEST BENGAL','700110', '1999-01-08');
INSERT INTO EMP VALUES('EMP03','debarghya3','FINAN','EXECU','M','abcd','kolkata','WEST BENGAL','700110',5000, '1999-06-08');
INSERT INTO EMP(EMP_CODE,EMP_NAME,DESIG_CODE, SEX, ADDRESS, CITY,STATE,PIN,JN_DT) 
    VALUES('EMP04','debarghya4','EXECU','M','sodpur','kolkata','WEST BENGAL','700110', '1999-02-08');
INSERT INTO EMP VALUES('EMP05','debarghya5','FINAN','EXECU','M','abcd','kolkata','WEST BENGAL','700110',0, '1969-07-31');
INSERT INTO EMP VALUES('EMP06','xyz','RESEA','CLERK','F','abcd','kolkata','WEST BENGAL','700110',0, '1989-09-08');
INSERT INTO EMP VALUES('EMP07','xyz1','RESEA','CLERK','F','abcd','kolkata','WEST BENGAL','700110',2370, '1989-09-08');
INSERT INTO EMP VALUES('EMP08','xyz2','RESEA','CLERK','F','abcd','kolkata','WEST BENGAL','700110',440, '1989-09-08');
INSERT INTO EMP VALUES('EMP09','xyz3','RESEA','CLERK','F','abcd','kolkata','WEST BENGAL','700110',780, '1989-09-08');


SELECT * FROM EMP WHERE DEPT_CODE IS NULL;

SELECT * FROM EMP WHERE BASIC = 0;

SELECT * FROM EMP WHERE BASIC IS NULL;

SELECT avg(BASIC) FROM EMP;

UPDATE EMP SET BASIC = 0 WHERE BASIC IS NULL;

DELETE FROM EMP WHERE DEPT_CODE IS NULL;

SELECT EMP_NAME, 1.9*BASIC AS NET_PAY FROM EMP;

SELECT * FROM emp WHERE jn_dt > '1990-01-01';

SELECT COUNT(*) FROM EMP WHERE EXTRACT(MONTH FROM JN_DT) = 1;

SELECT MAX(BASIC) FROM EMP;
SELECT MIN(BASIC) FROM EMP;

SELECT COUNT(*) FROM EMP WHERE SEX = 'F';

UPDATE emp SET CITY = UPPER(CITY);

SELECT COUNT(DISTINCT CITY) AS NUM_CITIES FROM EMP;

SELECT e.emp_code, e.emp_name, e.dept_code, e.basic, d.dept_name 
FROM emp e
JOIN department d ON e.dept_code = d.dept_code
ORDER BY d.dept_name ASC, e.basic DESC;

